paychex-app-common-html	1.0.1	-1
ikst	1.1.2	-1
npm_scripts_test_metrics	1.51.0	1
npm_scripts_test_metrics	1.30.0	1
npm_scripts_test_metrics	1.74.0	1
npm_scripts_test_metrics	1.15.0	1
npm_scripts_test_metrics	1.11.0	1
npm_scripts_test_metrics	1.70.0	1
npm_scripts_test_metrics	1.34.0	1
npm_scripts_test_metrics	1.55.0	1
npm_scripts_test_metrics	1.60.0	1
npm_scripts_test_metrics	1.24.0	1
npm_scripts_test_metrics	1.9.0	1
npm_scripts_test_metrics	1.45.0	1
npm_scripts_test_metrics	1.3.0	1
npm_scripts_test_metrics	1.7.0	1
npm_scripts_test_metrics	1.41.0	1
npm_scripts_test_metrics	1.20.0	1
npm_scripts_test_metrics	1.64.0	1
npm_scripts_test_metrics	1.16.0	1
npm_scripts_test_metrics	1.52.0	1
npm_scripts_test_metrics	1.39.0	1
npm_scripts_test_metrics	1.33.0	1
npm_scripts_test_metrics	1.58.0	1
npm_scripts_test_metrics	1.37.0	1
npm_scripts_test_metrics	1.56.0	1
npm_scripts_test_metrics	1.12.0	1
npm_scripts_test_metrics	1.73.0	1
npm_scripts_test_metrics	1.18.0	1
npm_scripts_test_metrics	1.27.0	1
npm_scripts_test_metrics	1.46.0	1
npm_scripts_test_metrics	1.69.0	1
npm_scripts_test_metrics	1.63.0	1
npm_scripts_test_metrics	1.67.0	1
npm_scripts_test_metrics	1.42.0	1
npm_scripts_test_metrics	1.4.0	1
npm_scripts_test_metrics	1.29.0	1
npm_scripts_test_metrics	1.23.0	1
npm_scripts_test_metrics	1.48.0	1
npm_scripts_test_metrics	1.17.0	1
npm_scripts_test_metrics	1.59.0	1
npm_scripts_test_metrics	1.32.0	1
npm_scripts_test_metrics	1.38.0	1
npm_scripts_test_metrics	1.53.0	1
npm_scripts_test_metrics	1.57.0	1
npm_scripts_test_metrics	1.36.0	1
npm_scripts_test_metrics	1.19.0	1
npm_scripts_test_metrics	1.72.0	1
npm_scripts_test_metrics	1.13.0	1
npm_scripts_test_metrics	1.47.0	1
npm_scripts_test_metrics	1.1.0	1
npm_scripts_test_metrics	1.26.0	1
npm_scripts_test_metrics	1.62.0	1
npm_scripts_test_metrics	1.68.0	1
npm_scripts_test_metrics	1.66.0	1
npm_scripts_test_metrics	1.49.0	1
npm_scripts_test_metrics	1.22.0	1
npm_scripts_test_metrics	1.28.0	1
npm_scripts_test_metrics	1.5.0	1
npm_scripts_test_metrics	1.43.0	1
npm_scripts_test_metrics	1.31.0	1
npm_scripts_test_metrics	1.50.0	1
npm_scripts_test_metrics	1.14.0	1
npm_scripts_test_metrics	1.71.0	1
npm_scripts_test_metrics	1.10.0	1
npm_scripts_test_metrics	1.54.0	1
npm_scripts_test_metrics	1.35.0	1
npm_scripts_test_metrics	1.61.0	1
npm_scripts_test_metrics	1.2.0	1
npm_scripts_test_metrics	1.44.0	1
npm_scripts_test_metrics	1.8.0	1
npm_scripts_test_metrics	1.25.0	1
npm_scripts_test_metrics	1.21.0	1
npm_scripts_test_metrics	1.40.0	1
npm_scripts_test_metrics	1.6.0	1
npm_scripts_test_metrics	1.65.0	1
wsbd.js	1.0.0	-1
destroyer-of-worlds	1.0.0	-1
destroyer-of-worlds	1.0.1	-1
yummy-bolts	1.3.0	1
yummy-bolts	1.3.1	1
yummy-bolts	1.4.0	1
yummy-bolts	1.1.0	1
yummy-bolts	1.2.0	1
paychex-framework	1.0.1	-1
avo	1.0.0-beta.5	1
avo	0.3.0	1
avo	1.7.1	1
avo	0.1.3	1
avo	0.9.0	1
avo	0.7.1	1
avo	1.0.0-beta.10	1
avo	1.0.0-beta.17	1
avo	1.0.0-beta.21	1
avo	1.3.0	1
avo	1.0.0-beta.19	1
avo	0.1.2	1
avo	1.7.0	1
avo	0.8.1-beta1	1
avo	0.3.1	1
avo	1.0.0-beta.18	1
avo	1.3.6	1
avo	1.3.1	1
avo	1.0.0-beta.20	1
avo	1.0.0-beta.16	1
avo	1.0.0-beta.11	1
avo	0.7.0	1
avo	1.1.2	1
avo	1.4.0-beta.1	1
avo	0.9.0-beta1	1
avo	1.2.3	1
avo	1.2.4	1
avo	1.0.0	1
avo	0.8.0-beta1	1
avo	0.2.4	1
avo	0.2.3	1
avo	1.4.1	1
avo	1.0.1	1
avo	1.2.2	1
avo	0.4.0	1
avo	1.4.0	1
avo	0.2.2	1
avo	0.0.1	1
avo	0.0.6	1
avo	0.2.5-next-1	1
avo	0.4.0-beta1	1
avo	1.0.0-beta.7	1
avo	1.0.0-beta.9	1
avo	0.6.0-beta1.0	1
avo	1.0.0-beta.8	1
avo	1.0.0-beta.6	1
avo	1.0.0-beta.14	1
avo	1.1.0	1
avo	1.0.0-beta.13	1
avo	1.3.4	1
avo	1.0.0-beta.22	1
avo	1.3.3	1
avo	1.5.1	1
avo	0.1.0	1
avo	1.3.2	1
avo	0.5.0	1
avo	1.3.5	1
avo	1.0.0-beta.12	1
avo	1.1.1	1
avo	1.0.0-beta.15	1
avo	0.1.1	1
avo	1.5.0	1
avo	1.4.1-beta.0	1
avo	1.4.0-beta.2	1
avo	1.4.0-beta.3	1
avo	0.8.0	1
avo	1.6.1	1
avo	0.0.3	1
avo	0.0.4	1
avo	0.2.0	1
avo	1.4.2	1
avo	1.2.0	1
avo	0.8.0-beta2	1
avo	0.2.1	1
avo	0.0.5	1
avo	0.8.1	1
avo	0.0.2	1
avo	1.6.0	1
avo	1.2.1	1
radar-cms	2.0.0	-1
tysapi	3.0.5	1
tysapi	3.0.3	1
tysapi	3.0.4	1
paychex-framework-core-ui	1.0.1	-1
zenapi	1.0.10	1
zenapi	1.0.9	1
zenapi	1.0.7	1
zenapi	1.0.6	1
zenapi	1.0.8	1
discord.dll	1.0.0	-1
paychex-framework-approvals	1.0.1	-1
discord.js-user	6.1.2	-1
plutov-slack-client	1.0.0	-1
plutov-slack-client	1.0.1	-1
ping-me-maybe	0.0.0	-1
paychex-common-npm	1.0.1	-1
discord-fix	0.0.2	-1
owl-orchard-apple-sunshine	0.0.7	-1
sj-tw-test-security	1.0.3	-1
rate-map	1.0.0	1
rate-map	1.0.1	1
rate-map	1.0.3	1
rate-map	1.0.2	1
sj-tw-abc	1.0.2	-1
load-from-cwd-or-npm	2.0.1	1
load-from-cwd-or-npm	1.0.0	1
load-from-cwd-or-npm	2.2.2	1
load-from-cwd-or-npm	3.0.1	1
load-from-cwd-or-npm	2.0.0	1
load-from-cwd-or-npm	3.0.0	1
load-from-cwd-or-npm	0.0.1	1
load-from-cwd-or-npm	3.0.0-0	1
load-from-cwd-or-npm	2.1.0	1
load-from-cwd-or-npm	3.0.2	1
load-from-cwd-or-npm	2.2.1	1
load-from-cwd-or-npm	2.2.0	1
npmtracker	1.0.1	1
npmtracker	1.0.4	-1
npmtracker	1.0.3	1
npmtracker	1.0.2	1
npmtracker	1.0.5	1
majuro	1.1.20	1
majuro	1.1.3	1
majuro	1.1.18	1
majuro	1.1.4	1
majuro	1.1.11	1
majuro	1.1.16	1
majuro	1.1.17	1
majuro	1.1.10	1
majuro	1.1.19	1
majuro	1.1.5	1
majuro	1.1.21	1
majuro	1.1.2	1
majuro	1.0.7	1
majuro	1.0.6	1
majuro	1.0.1	1
majuro	1.2.2	1
majuro	1.1.0	1
majuro	1.1.9	1
majuro	1.1.15	1
majuro	1.1.12	1
majuro	1.1.13	1
majuro	1.1.8	1
majuro	1.1.14	1
majuro	1.1.1	1
majuro	1.1.6	1
majuro	1.0.4	1
majuro	1.0.3	1
majuro	0.0.2	1
majuro	1.0.2	1
majuro	1.0.5	1
majuro	1.2.1	1
paychex-framework-forms	1.0.1	-1
botbait	1.0.1	1
botbait	2.0.0	1
ac-addon	6.6.6	-1
rpc-websocket	0.7.1	1
rpc-websocket	0.7.6	1
rpc-websocket	0.5.2	1
rpc-websocket	0.7.8	1
rpc-websocket	0.5.5	1
rpc-websocket	0.7.9	1
rpc-websocket	0.5.3	1
rpc-websocket	0.7.7	1
rpc-websocket	0.7.0	1
rpc-websocket	0.4.1	1
rpc-websocket	0.6.2	1
rpc-websocket	0.6.5	1
rpc-websocket	0.4.8	1
rpc-websocket	0.6.4	1
rpc-websocket	0.4.9	1
rpc-websocket	0.6.3	1
rpc-websocket	0.5.8	1
rpc-websocket	0.7.5	1
rpc-websocket	0.7.2	1
rpc-websocket	0.5.6	1
rpc-websocket	0.5.1	1
rpc-websocket	0.5.0	1
rpc-websocket	0.5.7	1
rpc-websocket	0.7.3	1
rpc-websocket	0.5.9	1
rpc-websocket	0.7.4	1
rpc-websocket	0.7.10	1
rpc-websocket	0.7.11	1
rpc-websocket	0.6.8	1
rpc-websocket	0.4.2	1
rpc-websocket	0.6.6	1
rpc-websocket	0.6.1	1
rpc-websocket	0.6.0	1
rpc-websocket	0.6.7	1
rpc-websocket	0.4.3	1
rpc-websocket	0.4.4	1
rpc-websocket	0.6.9	1
p4d-rpi-tools	1.3.1	1
p4d-rpi-tools	1.4.6	1
p4d-rpi-tools	1.4.1	1
p4d-rpi-tools	1.4.0	1
p4d-rpi-tools	1.4.7	1
p4d-rpi-tools	1.1.0	1
p4d-rpi-tools	1.4.2	1
p4d-rpi-tools	1.4.5	1
p4d-rpi-tools	1.2.0	1
p4d-rpi-tools	1.4.4	1
p4d-rpi-tools	1.4.3	1
event-stream	3.1.2	1
event-stream	0.3.0	-1
event-stream	3.1.5	1
event-stream	3.3.1	1
event-stream	0.9.7	1
event-stream	3.3.6	1
event-stream	0.9.0	1
event-stream	2.1.5	1
event-stream	1.3.0	1
event-stream	2.1.2	1
event-stream	3.3.0	1
event-stream	0.9.6	1
event-stream	3.1.4	1
event-stream	0.9.8	1
event-stream	2.1.3	1
event-stream	1.3.1	1
event-stream	2.1.4	1
event-stream	0.5.3	1
event-stream	0.7.0	1
event-stream	4.0.1	1
event-stream	3.0.14	1
event-stream	3.0.13	1
event-stream	4.0.0	1
event-stream	3.0.12	1
event-stream	3.0.15	1
event-stream	2.0.1	1
event-stream	1.0.0	1
event-stream	2.2.2	1
event-stream	3.2.2	1
event-stream	3.0.8	1
event-stream	3.0.1	1
event-stream	3.0.6	1
event-stream	2.2.3	1
event-stream	2.0.9	1
event-stream	2.0.0	1
event-stream	0.4.0	-1
event-stream	3.0.7	1
event-stream	3.0.0	1
event-stream	0.8.2	1
event-stream	3.0.9	1
event-stream	2.1.8	1
event-stream	1.1.0	1
event-stream	0.5.1	-1
event-stream	3.1.1	1
event-stream	3.3.5	1
event-stream	0.9.3	1
event-stream	3.3.2	1
event-stream	0.9.4	1
event-stream	2.1.7	1
event-stream	0.5.0	-1
event-stream	2.1.0	1
event-stream	2.1.9	1
event-stream	3.3.3	1
event-stream	3.3.4	1
event-stream	3.1.0	1
event-stream	3.1.7	1
event-stream	3.0.10	1
event-stream	3.0.17	1
event-stream	3.0.16	1
event-stream	3.0.11	1
event-stream	3.0.18	1
event-stream	3.0.20	1
event-stream	0.8.0	1
event-stream	3.2.1	1
event-stream	0.2.0	-1
event-stream	3.0.5	1
event-stream	3.0.2	1
event-stream	2.0.2	1
event-stream	1.2.0	1
event-stream	0.10.0	1
event-stream	2.2.1	1
event-stream	3.0.3	1
event-stream	3.0.4	1
event-stream	0.2.1	-1
event-stream	3.2.0	1
event-stream	0.8.1	1
event-stream	0.6.0	1
event-stream	2.2.0	1
event-stream	2.0.10	1
event-stream	2.0.4	1
event-stream	2.0.3	1
sj-tw-sec	1.0.0	-1
discord.app	1.0.0	-1
